photo_file,assigned_canonical_ids,entity_type,latitude,longitude,captured_at_local,horizontal_accuracy_m,altitude_m,image_direction_deg,sha256,byte_size,assignment_source,notes
IMG_2657.HEIC,ab,building_entrance,42.78433833,141.62272833,2026-07-19 12:41:53,3.39,62.30,277.48,4cd46493f8a0239ffbb726a3ed8e353a2ad2ea7879d197a1cb84c693e4c57398,4334675,user_mapping_2026-09-20,
IMG_2661.HEIC,sab,building_entrance,42.78109667,141.62242167,2026-07-19 12:58:41,3.91,56.52,276.89,355f72ff63fec1b50d5e6d9d21c6a2952ac0fcc4142ac7f9d894601ca592609b,3648993,user_mapping_2026-09-20,
IMG_2668.HEIC,ctc2,building_entrance,42.78501167,141.62295500,2026-07-19 13:23:51,14.22,65.82,246.80,8286de0fe242311d6cf7b170705b79cff0f31cfd6df0fef242414f02cba5fe0b,2819920,user_mapping_2026-09-20,
IMG_2672.HEIC,dvh,building_entrance,42.78538833,141.62181167,2026-07-19 13:25:03,4.75,69.09,248.12,105b22bb178e2c50290a7df93d6f1670d763ed9bbecc093ef6f196be2a0acc48,3170449,user_mapping_2026-09-20,
IMG_2673.HEIC,lm_koku_shrine,landmark,42.78600333,141.62205500,2026-07-19 13:28:38,18.44,64.89,252.93,c23aa75bca1e44911f90923a73a66075f72c471cdd08f3b58059eb6b64b4a8db,5587528,user_mapping_2026-09-20,既存実測座標と約117 mの差があるため正式座標には未採用
IMG_2916.HEIC,lbh,building_entrance,42.78608667,141.62301667,2026-09-19 14:46:15,4.75,67.55,71.38,a73f6a0133270bf6202fc95809c6b22d38455dbcb02f3a9648a57a4923715ede,3938201,user_mapping_2026-09-20,ユーザー入力のldhをcanonical IDのlbhへ修正
IMG_2918.HEIC,dh,building_entrance,42.78588667,141.62280333,2026-09-19 14:46:55,4.75,70.20,71.36,eb1b83acaea85f45ccbbc31b562da1a7ef2bf8b7fb080599640f7e7091db876c,3831133,user_mapping_2026-09-20,
IMG_2920.HEIC,ar,building_entrance,42.78519667,141.62304667,2026-09-19 14:48:07,4.75,66.53,179.85,dae0c84fa8be066d2f55c5e9c3de718aa1ae755e0b2a4a6e032553821b6494cc,2890921,user_mapping_2026-09-20,
IMG_2921.HEIC,amh,building_entrance,42.78582000,141.62284667,2026-09-19 14:49:12,4.75,64.04,156.10,0899bf01a6be4646715b25430be67e4c31566f08483fbdde3e5d3b5bb38a4fa1,1187017,user_mapping_2026-09-20,
IMG_2922.HEIC,mb,building_entrance,42.78415500,141.62271167,2026-09-19 14:53:17,4.75,57.46,98.21,ee33beefac7bf7606cc7ea84a7e515341e9e0ac22008a70669d290815ad7cecf,5537880,user_mapping_2026-09-20,正式入口位置はユーザー確認済みGoogle Mapsピンを優先
IMG_2923.HEIC,hgr_a|hgr_b,shared_building_entrance,42.78369500,141.62361167,2026-09-19 14:54:06,3.54,51.35,119.93,ccd957ced8d1234bba329354e788db5acbb06f32b9e562d49a8e7b431f0f584b,3065198,user_mapping_2026-09-20,建物は2棟のまま案内到着点を共有する
IMG_2924.HEIC,ctc_main,building_entrance,42.78474667,141.62300000,2026-09-19 14:55:18,4.75,65.78,190.31,6f5a1542b156761eeb5d611bfe05794662481625b25db197720813b6f720284d,3114080,user_mapping_2026-09-20,
