entrance_id,building_id,longitude,latitude,coordinate_source,source_photo,source_photo_sha256,source_reference,captured_at_local,horizontal_accuracy_m,is_primary,accessibility,floor_id,outside_node_id,inside_node_id,route_approach_group,status,notes
ab_ent_001,ab,141.62272833,42.78433833,iphone_photo_exif_gps,IMG_2657.HEIC,4cd46493f8a0239ffbb726a3ed8e353a2ad2ea7879d197a1cb84c693e4c57398,,2026-07-19 12:41:53,3.39,,unknown,,,,,measured_connections_pending,
amh_ent_001,amh,141.62284667,42.78582000,iphone_photo_exif_gps,IMG_2921.HEIC,0899bf01a6be4646715b25430be67e4c31566f08483fbdde3e5d3b5bb38a4fa1,,2026-09-19 14:49:12,4.75,,unknown,,,,,measured_connections_pending,
ar_ent_001,ar,141.62304667,42.78519667,iphone_photo_exif_gps,IMG_2920.HEIC,dae0c84fa8be066d2f55c5e9c3de718aa1ae755e0b2a4a6e032553821b6494cc,,2026-09-19 14:48:07,4.75,,unknown,,,,,measured_connections_pending,
ctc2_ent_001,ctc2,141.62295500,42.78501167,iphone_photo_exif_gps,IMG_2668.HEIC,8286de0fe242311d6cf7b170705b79cff0f31cfd6df0fef242414f02cba5fe0b,,2026-07-19 13:23:51,14.22,,unknown,,,,,measured_connections_pending,
ctc_main_ent_001,ctc_main,141.62300000,42.78474667,iphone_photo_exif_gps,IMG_2924.HEIC,6f5a1542b156761eeb5d611bfe05794662481625b25db197720813b6f720284d,,2026-09-19 14:55:18,4.75,,unknown,,,,,measured_connections_pending,
dh_ent_001,dh,141.62280333,42.78588667,iphone_photo_exif_gps,IMG_2918.HEIC,eb1b83acaea85f45ccbbc31b562da1a7ef2bf8b7fb080599640f7e7091db876c,,2026-09-19 14:46:55,4.75,,unknown,,,,,measured_connections_pending,
dvh_ent_001,dvh,141.62181167,42.78538833,iphone_photo_exif_gps,IMG_2672.HEIC,105b22bb178e2c50290a7df93d6f1670d763ed9bbecc093ef6f196be2a0acc48,,2026-07-19 13:25:03,4.75,,unknown,,,,,measured_connections_pending,
hgr_a_ent_001,hgr_a,141.62361167,42.78369500,iphone_photo_exif_gps,IMG_2923.HEIC,ccd957ced8d1234bba329354e788db5acbb06f32b9e562d49a8e7b431f0f584b,,2026-09-19 14:54:06,3.54,,unknown,,,,hgr_ab_shared,measured_connections_pending,将来hgr_b_ent_001と同じoutside_node_idへ接続する
hgr_b_ent_001,hgr_b,141.62361167,42.78369500,iphone_photo_exif_gps,IMG_2923.HEIC,ccd957ced8d1234bba329354e788db5acbb06f32b9e562d49a8e7b431f0f584b,,2026-09-19 14:54:06,3.54,,unknown,,,,hgr_ab_shared,measured_connections_pending,将来hgr_a_ent_001と同じoutside_node_idへ接続する
lbh_ent_001,lbh,141.62301667,42.78608667,iphone_photo_exif_gps,IMG_2916.HEIC,a73f6a0133270bf6202fc95809c6b22d38455dbcb02f3a9648a57a4923715ede,,2026-09-19 14:46:15,4.75,,unknown,,,,,measured_connections_pending,
mb_ent_001,mb,141.6227516,42.7841358,user_confirmed_google_maps_pin,IMG_2922.HEIC,ee33beefac7bf7606cc7ea84a7e515341e9e0ac22008a70669d290815ad7cecf,https://maps.app.goo.gl/4LF8UCa9vAP6CKty6,2026-09-19 14:53:17,,,unknown,,,,,coordinate_confirmed_connections_pending,写真EXIF位置は根拠撮影地点としてraw台帳に保持
sab_ent_001,sab,141.62242167,42.78109667,iphone_photo_exif_gps,IMG_2661.HEIC,355f72ff63fec1b50d5e6d9d21c6a2952ac0fcc4142ac7f9d894601ca592609b,,2026-07-19 12:58:41,3.91,,unknown,,,,,measured_connections_pending,
